"","Willowbrook","Neponsit","Chelsea-Travis","Lighthouse Hill","Malba","Broad Channel","Utopia","DUMBO","New Dorp Beach","Pleasant Plains","Breezy Point","Port Ivory","Columbia Street Waterfront District","Forest Hills Gardens","City Island","Bergen Beach","Dongan Hills","Todt Hill","Randall Manor","Garment District","Belle Harbor","Westerleigh","Astoria Heights","Holliswood","Gerritsen Beach","Woodrow","New Dorp","NoHo","New Brighton","Tompkinsville","Manhattan Beach","Mill Basin","Grasmere - Concord","Annadale","Old Town","Grant City","Woodlawn","Cobble Hill","Country Club","Springfield Gardens","Arrochar","Castleton Corners","Rockaway Beach","Windsor Terrace","Grymes Hill","South Beach","Little Italy","Greenridge","Clason Point","Midland Beach","Prince's Bay","Eastchester","Pomonok","Richmond Town","Downtown","Huguenot","Tottenville","Rossville","Park Hill","Hunters Point","Georgetown","Meiers Corners","Graniteville","Stapleton","St. George","Rosebank","Arverne","Jamaica Hills","Boerum Hill","Bulls Head","Roosevelt Island","North Riverdale","Carroll Gardens","Floral park","Oakwood","Bay Terrace","Riverdale","Mariner's Harbor","Glen Oaks","Jamaica Estates","Emerson Hill","New Springville","Arden Heights","Hillcrest","Cambria Heights","Battery Park","Tudor City","Rockaway Park","Spuyten Duyvil","Baychester","Port Richmond","Midtown","New Utrecht","Turtle Bay","Prospect Heights","Gowanus","Heartland Village","Wingate","West Brighton","Castle Hill","Sutton Place","Columbus Circle","Brooklyn Heights","Kew Gardens","West Village","Oakland Gardens","Fresh Meadows","Great Kills","Clinton Hill","Douglaston-Little Neck","Eltingville","Pelham Bay","Marine Park","College Point","Howard Beach","Rosedale","Pelham Gardens","Laurelton","Flatiron District","Auburndale","Brighton Beach","Briarwood","Financial District","Clinton","Fort Hamilton","Bellerose","Homecrest","Middle Village","Prospect Lefferts Gardens","Glendale","Rochdale","Kingsbridge","Greenpoint","Greenwood","Fort Greene","Whitestone","Hollis","Throggs Neck","St. Albans","Melrose","Morris Park","Wakefield","Dyker Heights","Woodhaven","Ocean Parkway","Parkchester","Kew Gardens Hills","Morningside Heights","Rego Park","Coney Island","Greenwich Village","Sunnyside","Woodside","Chelsea","Hamilton Heights","Maspeth","Bayside","Bath Beach","Kensington","Bay Ridge","Richmond Hill","Brownsville","Gramercy","Park Slope","Queens Village","Ozone Park","Flatlands","Midwood","Jackson Heights","East Elmhurst","Ridgewood","Far Rockaway","East Village","Forest Hills","Gravesend","Sheepshead Bay","Murray Hill","South Ozone Park","Flushing","South Bronx","Canarsie","Lower East Side","Soundview","Bensonhurst","Elmhurst","Borough Park","Sunset Park","Corona","East Flatbush","Bushwick","East Harlem","Williamsbridge","Harlem","Jamaica","Crown Heights","Flatbush","Bedford Stuyvesant","Williamsburg","Astoria","Washington Heights","East New York","Upper East Side","Upper West Side"
"2010-11-01",0,0,0,0,0,0,0,2,0,0,0,0,0,0,1,0,0,0,0,0,0,0,0,0,0,0,0,2,0,2,0,0,0,0,0,0,0,3,0,0,0,0,1,4,0,0,2,0,0,0,0,0,0,0,0,0,0,0,0,0,0,0,0,0,2,0,1,0,8,0,0,0,23,0,0,0,0,0,0,0,0,0,0,0,0,0,0,0,0,0,0,11,0,0,26,8,0,0,0,0,0,0,4,0,28,0,1,0,35,0,0,0,0,0,0,0,0,0,2,0,0,2,12,0,0,0,0,2,0,0,0,0,38,0,34,0,0,0,0,0,0,2,3,0,0,6,0,3,0,0,6,2,1,27,0,0,0,0,9,5,0,2,8,28,0,0,2,3,1,0,7,0,77,1,2,0,5,1,1,0,0,43,0,0,3,0,8,0,4,52,20,0,78,6,52,23,0,149,10,13,1,35,60
"2010-12-01",0,0,0,0,0,0,0,2,0,0,0,0,0,0,1,0,0,0,0,0,0,0,0,0,0,0,0,3,0,6,0,0,0,0,0,0,0,4,0,0,0,0,1,6,0,0,4,0,5,0,0,0,0,0,0,0,0,0,0,0,0,0,0,0,2,0,1,0,8,0,1,0,25,0,0,0,0,0,0,0,0,0,0,0,0,0,0,0,0,0,0,12,0,0,27,8,0,0,0,0,0,0,4,0,31,0,1,0,39,0,0,0,0,0,0,0,0,0,2,0,0,2,12,0,0,0,0,2,0,0,0,0,48,0,39,0,0,0,0,0,0,2,3,0,0,6,0,4,0,0,8,3,1,35,0,0,0,0,10,5,0,2,9,30,0,0,2,3,1,0,7,0,89,1,2,0,8,1,1,0,0,49,0,0,3,0,10,0,5,60,24,0,92,6,57,24,0,177,11,13,1,37,63
"2011-01-01",0,0,0,0,0,0,0,2,0,0,0,0,0,0,1,0,0,0,0,0,0,0,0,0,0,0,0,3,0,6,0,0,0,0,0,0,0,5,0,0,0,0,1,6,0,0,4,0,6,0,0,5,0,0,0,0,0,0,0,0,0,0,0,0,2,0,1,0,10,0,1,0,29,0,0,0,0,0,0,0,0,0,0,0,0,0,0,0,0,0,0,13,0,0,30,10,0,0,0,0,0,0,4,0,32,0,1,0,46,0,0,0,0,0,0,0,0,0,2,0,0,2,14,0,0,0,0,2,0,0,0,0,52,0,42,0,0,0,0,0,0,2,3,0,0,6,0,5,0,0,9,5,1,37,0,0,0,0,13,5,0,2,12,35,0,0,2,3,1,0,7,0,99,1,2,0,8,1,1,0,0,55,0,0,3,0,10,0,5,61,25,0,98,6,67,25,0,193,14,15,1,37,68
"2011-02-01",0,0,0,0,0,0,0,3,0,0,0,0,0,0,1,0,0,0,0,0,0,0,0,0,0,0,0,3,1,6,0,0,0,0,0,0,0,5,0,0,0,0,1,6,0,0,4,0,6,0,0,5,0,0,0,0,0,0,0,0,0,0,0,0,3,0,1,0,11,0,1,0,29,0,0,0,0,0,0,0,0,0,0,0,0,0,0,0,0,0,0,14,0,0,45,10,0,0,0,0,0,0,4,0,33,0,1,0,48,0,0,0,0,0,0,0,0,0,2,0,0,2,14,0,0,0,0,2,0,0,0,0,57,0,44,0,0,0,0,0,0,2,3,0,0,6,0,7,0,0,10,6,1,37,0,0,0,0,13,5,0,2,12,35,0,0,3,3,1,0,8,0,106,1,2,0,8,1,1,0,0,63,0,0,3,0,12,1,5,62,25,0,105,6,74,27,0,210,14,19,1,39,73
"2011-03-01",0,0,0,0,0,0,0,3,0,0,0,0,0,0,2,0,0,0,0,0,0,0,0,0,0,0,0,3,1,6,0,0,0,0,0,0,0,5,0,0,0,0,1,6,0,0,4,0,6,0,0,5,0,0,0,0,0,0,0,0,0,0,0,0,3,0,1,0,11,0,1,0,31,0,0,0,0,0,0,0,0,0,0,0,0,0,0,0,0,0,0,14,0,0,48,11,0,0,0,0,0,0,4,0,33,0,1,0,48,0,0,0,0,0,0,0,0,0,2,0,1,2,16,0,0,0,0,2,0,0,0,0,95,0,45,0,0,0,0,0,0,2,3,0,0,6,0,7,0,0,11,6,1,42,0,0,0,0,14,5,0,2,13,36,0,0,3,3,1,0,8,0,116,1,2,0,9,1,1,0,0,68,0,0,3,0,12,1,5,63,26,0,115,6,78,31,0,231,16,19,1,41,78
"2011-04-01",0,0,0,0,0,0,0,3,0,0,0,0,0,0,2,0,0,0,0,0,0,0,0,0,0,0,0,3,1,6,0,0,0,0,0,0,0,5,0,0,0,0,1,7,0,0,5,0,6,0,0,5,0,0,0,0,0,0,0,0,0,0,0,0,3,0,1,0,16,0,1,0,35,0,0,0,0,0,0,0,0,0,0,0,0,0,0,0,1,0,0,15,0,0,49,13,0,0,0,0,0,0,8,1,35,0,1,0,51,0,0,0,0,0,0,0,0,0,2,0,1,2,17,0,0,0,0,2,0,0,0,0,102,0,47,0,0,0,0,0,0,2,3,0,0,6,0,7,0,0,14,6,1,45,0,1,0,0,15,5,0,2,33,39,0,0,3,3,1,0,9,0,129,1,2,0,9,2,1,0,0,69,0,1,3,0,13,1,6,67,33,0,118,6,82,32,0,249,19,20,1,47,85
"2011-05-01",0,0,0,0,0,0,0,3,0,0,0,0,0,0,2,0,0,0,0,0,0,0,0,0,0,0,0,4,1,6,0,0,0,0,0,0,0,5,0,0,0,0,1,7,0,0,5,0,15,0,0,5,0,0,0,0,0,0,0,0,0,0,0,0,3,0,1,0,16,0,1,0,39,0,0,0,0,0,0,0,0,0,0,0,0,0,0,0,1,0,0,16,0,0,51,14,0,0,0,0,0,0,9,1,39,0,1,0,54,0,0,0,0,0,0,0,0,0,2,0,1,2,17,0,0,0,0,2,0,0,0,0,111,0,49,0,0,0,0,0,0,2,3,0,0,6,0,7,0,0,19,7,1,53,0,1,0,0,15,5,0,2,33,42,1,0,3,3,4,0,9,0,142,1,2,0,9,2,1,0,0,77,0,1,3,0,16,1,6,76,37,0,127,6,83,34,0,275,19,25,2,48,89
"2011-06-01",0,0,0,0,0,0,0,5,0,0,0,0,0,0,2,0,0,1,0,0,0,0,0,0,0,0,0,7,1,6,0,0,0,0,0,0,0,5,0,0,0,0,2,9,0,0,5,0,15,0,0,5,0,0,0,0,0,0,0,0,0,0,0,0,3,0,1,0,16,0,1,0,42,0,0,0,0,0,0,0,0,0,0,0,0,0,0,0,1,0,0,22,0,0,59,14,0,0,0,0,0,0,9,1,52,0,1,0,62,0,0,0,0,0,0,0,0,0,3,0,1,3,19,0,0,0,0,2,0,0,0,0,122,0,55,0,0,0,0,0,0,2,3,0,0,6,0,9,0,0,24,8,2,66,0,1,0,0,16,6,0,2,35,45,1,0,3,4,5,0,9,0,152,2,2,0,10,2,1,0,0,83,0,1,3,0,18,1,6,89,40,0,145,6,87,35,0,304,22,30,2,57,95
"2011-07-01",0,0,0,0,0,0,0,5,0,0,0,0,0,0,2,0,0,1,0,0,0,0,0,0,0,0,0,7,1,6,0,0,0,0,0,0,1,6,0,0,0,0,3,11,0,0,5,0,15,0,0,5,0,0,0,0,0,0,0,0,0,0,0,0,3,0,3,0,21,0,1,0,48,0,0,0,0,0,0,0,0,0,0,0,0,0,0,0,2,0,0,26,0,0,67,16,0,0,0,0,0,0,11,1,55,0,1,0,65,0,0,0,0,0,0,0,0,0,3,0,1,3,19,0,0,0,0,2,0,1,0,0,129,0,59,0,0,0,0,0,0,2,3,0,0,6,0,12,1,0,28,13,2,77,0,1,1,0,16,6,0,2,36,50,1,0,3,5,5,0,9,0,164,2,2,0,10,2,1,0,0,88,0,1,3,0,22,1,11,100,48,0,162,6,98,46,0,331,26,32,2,66,104
"2011-08-01",0,0,0,0,0,0,0,5,0,0,0,0,0,0,2,0,0,1,0,0,0,0,0,0,0,0,0,8,1,6,0,0,0,0,0,0,1,6,0,0,0,0,4,15,0,0,8,0,15,0,0,5,0,0,0,0,0,0,0,0,0,0,0,1,3,0,3,0,21,0,2,0,50,0,0,0,0,0,0,0,0,0,0,0,0,0,0,0,2,0,0,29,0,0,73,17,0,0,0,0,0,0,11,1,66,0,1,0,66,0,0,0,0,0,0,0,0,0,3,0,1,3,20,0,0,0,0,2,0,1,0,0,142,0,69,0,0,0,0,0,0,2,3,0,0,6,0,17,1,0,33,13,2,86,0,1,1,0,16,6,0,3,38,56,1,0,3,5,5,0,12,0,191,2,3,0,11,2,1,0,0,95,0,1,3,0,26,1,13,115,51,0,178,6,109,49,0,379,33,39,3,72,118
"2011-09-01",0,0,0,0,0,0,0,5,0,0,0,0,0,0,2,0,0,1,0,0,0,0,0,0,0,0,0,10,1,6,0,0,0,0,0,0,1,6,0,0,0,0,4,16,0,0,9,0,15,0,0,5,0,0,0,0,0,0,0,0,0,0,0,1,3,0,3,0,22,0,3,0,53,0,0,0,0,0,0,0,0,0,0,0,0,0,0,0,2,0,0,31,0,0,83,18,0,0,0,0,0,0,12,1,72,0,1,0,74,0,0,0,0,0,0,0,0,0,4,0,1,3,23,0,1,0,0,2,0,1,0,0,146,0,74,0,0,0,0,0,0,2,3,0,0,6,0,23,1,0,36,15,2,95,0,1,1,0,18,6,0,3,40,64,1,0,3,5,5,0,14,0,206,2,3,2,13,2,1,0,0,108,0,1,3,0,29,1,13,133,55,0,194,6,117,50,0,421,34,44,3,80,137
"2011-10-01",0,0,0,0,0,0,0,5,0,0,0,0,0,0,2,0,0,1,0,0,0,0,0,0,0,0,0,12,1,8,0,0,0,0,0,0,1,9,0,0,0,0,4,18,0,0,10,0,15,0,0,5,0,0,0,0,0,0,0,0,0,0,0,1,3,0,3,0,26,0,3,0,55,0,0,0,0,0,0,0,1,0,0,0,0,0,0,0,2,0,0,38,0,0,84,21,0,0,0,0,0,0,12,1,78,0,1,0,94,0,0,0,0,0,0,0,0,0,7,0,1,3,23,0,1,0,0,2,0,1,0,0,155,0,78,0,0,0,1,0,0,2,4,0,0,6,0,23,1,0,40,16,2,104,0,1,1,0,19,6,3,3,42,69,1,0,3,5,5,1,15,0,230,2,3,2,14,2,1,0,0,119,0,1,3,0,34,3,13,146,60,0,218,6,134,55,0,450,35,45,5,86,141
"2011-11-01",0,0,0,0,0,0,0,5,0,0,0,0,0,0,2,0,0,1,0,0,0,0,0,0,0,0,0,12,1,8,0,0,0,0,0,0,1,12,0,0,3,0,5,19,0,0,10,0,15,0,0,5,0,0,0,0,0,0,0,0,0,0,0,1,3,0,3,0,28,0,3,0,55,0,0,0,0,0,0,0,1,0,0,0,0,0,0,0,2,0,0,44,0,0,91,23,0,0,0,0,0,0,12,1,87,0,1,0,101,0,0,0,0,0,0,0,0,0,9,0,1,3,24,0,1,0,0,2,0,1,0,2,165,0,86,0,0,0,1,0,0,2,4,0,0,6,0,25,1,0,43,18,3,108,0,1,1,0,19,6,4,3,44,74,1,0,3,6,10,1,15,0,254,3,3,3,14,2,1,0,0,125,0,2,3,0,38,3,14,162,70,0,236,6,143,60,0,500,43,46,7,90,158
"2011-12-01",0,0,0,0,0,0,0,5,0,0,0,0,0,0,2,0,0,1,0,0,0,0,0,0,0,0,0,12,1,8,0,0,0,0,0,0,1,12,0,0,3,0,6,22,0,0,12,0,15,0,0,5,0,0,0,0,0,0,0,0,0,0,0,1,3,0,3,0,31,0,5,0,57,0,0,0,0,0,0,0,1,0,0,0,0,0,0,0,2,0,0,51,0,0,92,26,0,0,0,0,0,0,12,1,93,0,1,0,105,0,0,0,0,0,0,0,1,0,9,0,1,3,26,0,1,0,0,2,0,1,0,3,171,0,96,0,0,0,1,0,0,2,4,0,0,6,0,27,2,0,48,19,5,120,0,1,1,0,20,6,4,3,47,76,1,0,3,6,11,1,22,0,274,3,3,3,15,2,1,0,1,141,0,2,3,0,38,5,16,182,77,0,250,6,156,66,0,557,47,49,7,100,174
"2012-01-01",0,0,0,0,0,0,0,5,0,0,0,0,0,0,2,0,0,1,0,0,0,0,0,0,0,0,0,12,1,8,0,0,0,0,0,0,1,15,0,0,3,0,6,22,0,0,13,0,15,0,0,5,0,0,0,0,1,0,0,0,0,0,0,1,3,0,3,0,32,0,6,0,59,0,0,0,0,0,0,0,1,0,0,0,0,0,0,0,2,0,0,59,0,0,95,30,0,0,0,0,0,0,13,1,108,0,1,0,115,0,0,0,0,0,0,0,1,0,9,0,1,3,28,0,2,0,0,2,0,1,0,3,182,0,100,0,0,0,1,0,0,2,4,0,0,6,0,30,4,0,52,20,5,132,0,1,1,0,21,6,4,3,49,81,1,0,3,6,11,1,24,0,291,3,3,3,16,2,2,0,1,146,0,2,4,0,38,5,17,197,82,0,261,6,166,70,0,603,50,50,7,105,189
"2012-02-01",0,0,0,0,0,0,0,5,0,0,0,0,0,0,2,0,0,1,6,0,0,0,0,0,0,0,0,12,1,8,0,0,0,0,0,0,1,16,0,0,3,0,6,22,0,0,15,0,15,0,0,5,0,0,0,0,1,0,0,0,0,0,0,1,3,0,3,0,37,0,6,0,61,0,0,0,0,0,0,0,1,0,0,0,0,0,0,0,2,0,0,62,0,0,99,30,0,0,0,0,0,0,14,1,125,0,1,0,119,0,0,0,0,0,0,0,1,0,9,0,1,3,29,0,4,0,0,2,0,1,0,3,196,0,107,0,0,0,1,0,0,2,4,0,0,6,0,30,4,0,57,20,5,137,0,1,1,0,23,7,4,3,52,86,1,0,5,6,11,1,27,0,306,3,3,3,17,2,2,0,1,157,0,2,5,0,42,5,19,207,87,0,275,6,180,74,0,665,55,54,7,117,203
"2012-03-01",0,0,0,0,0,0,0,5,0,0,0,0,0,0,2,0,0,1,6,0,0,0,0,0,0,0,0,13,1,8,0,0,0,0,0,0,1,16,0,0,4,0,7,22,0,0,15,0,15,0,0,5,0,0,0,0,1,0,0,0,0,0,0,1,3,0,3,0,39,0,6,0,62,0,0,0,0,0,0,0,1,0,0,0,0,0,0,0,2,0,0,66,0,0,102,31,0,0,0,0,0,0,15,1,133,0,1,0,124,0,0,0,0,0,0,0,1,0,11,0,1,3,32,0,5,0,0,2,0,1,0,3,209,0,113,0,0,0,1,0,0,2,4,0,0,6,0,30,5,0,63,21,5,142,0,2,1,0,23,7,4,3,52,92,1,0,5,6,11,1,28,1,334,3,3,3,20,2,2,0,1,162,0,2,5,0,44,5,25,221,88,0,285,6,189,79,0,708,64,66,7,128,213
"2012-04-01",0,0,0,0,0,0,0,5,0,0,0,0,0,0,3,0,0,1,6,0,0,0,0,0,0,0,0,13,1,8,0,0,0,0,0,0,1,17,0,0,4,0,7,25,0,0,16,0,15,0,0,5,0,0,0,0,1,0,0,0,0,0,1,1,3,0,3,0,41,0,6,0,65,0,0,0,0,0,0,0,1,2,0,0,0,0,0,0,3,0,0,71,0,0,105,31,0,0,0,0,0,0,16,1,140,0,1,0,127,0,0,0,0,0,0,0,1,0,12,0,2,5,36,0,6,0,0,2,0,1,0,3,223,0,118,0,0,0,1,0,0,2,4,0,0,6,0,30,5,0,65,21,5,153,0,2,1,0,23,7,5,3,56,98,1,2,5,7,11,1,28,1,350,3,3,3,20,2,2,0,1,174,0,2,5,0,48,5,28,242,97,0,296,6,204,83,0,760,69,72,12,145,230
"2012-05-01",0,0,0,0,0,0,0,5,0,0,0,0,0,0,3,0,0,1,6,0,0,0,0,0,0,0,0,13,1,8,0,0,0,0,0,0,1,20,0,0,4,0,7,28,0,0,17,0,15,0,0,5,0,0,0,0,1,0,0,0,0,0,1,1,4,0,4,0,41,0,8,0,67,0,0,0,0,0,0,1,1,2,0,0,0,0,0,0,3,0,0,75,0,0,108,35,0,0,0,0,0,0,16,1,149,0,1,0,133,0,0,0,0,0,0,0,1,0,13,0,2,5,41,0,6,0,0,2,0,1,0,4,235,0,121,0,0,0,1,0,0,2,4,1,0,6,0,33,5,0,69,22,5,163,0,2,1,0,25,7,7,3,57,103,1,3,5,7,11,1,30,1,369,5,3,4,23,2,2,0,5,182,0,2,6,0,50,5,34,249,104,0,314,6,218,88,0,804,80,78,12,157,242
"2012-06-01",0,0,0,0,0,0,0,5,0,0,0,0,0,0,3,0,0,1,6,0,0,0,0,0,0,0,0,14,1,8,0,0,0,0,0,0,1,22,0,0,4,0,9,32,0,0,18,0,15,0,0,5,0,0,0,0,1,0,0,0,0,0,1,1,6,0,4,0,46,0,8,0,70,0,0,0,0,0,0,1,1,3,0,0,0,0,0,0,3,0,0,80,0,0,114,39,0,0,0,0,0,0,21,1,160,0,1,0,145,0,0,1,0,0,0,0,1,0,14,0,3,5,43,0,6,0,0,3,0,1,0,4,254,0,133,0,0,0,1,0,0,2,4,1,0,6,0,37,6,0,79,23,5,179,0,2,2,0,25,7,7,3,60,110,2,3,5,8,11,3,31,1,409,5,3,4,24,2,2,0,5,201,0,2,7,0,54,5,34,270,111,0,349,7,235,99,0,869,86,87,14,172,259
"2012-07-01",0,0,0,0,0,0,0,6,0,0,0,0,0,0,3,0,0,1,7,0,0,0,0,0,0,0,0,14,1,8,0,0,0,0,0,0,1,22,0,0,4,0,9,36,0,0,20,0,15,0,0,5,0,0,0,0,1,0,0,0,0,0,1,1,11,0,4,0,48,0,8,0,72,0,0,0,0,0,0,1,1,3,0,0,0,0,0,0,3,0,0,86,0,0,120,41,0,0,0,0,0,0,26,2,166,0,1,0,153,0,0,1,0,0,0,0,1,0,19,0,3,5,45,0,6,0,0,3,0,2,0,4,276,0,139,0,0,0,1,0,0,2,4,1,0,6,0,46,6,0,81,25,6,206,0,3,2,0,27,7,7,3,67,116,2,3,5,8,13,3,36,3,428,8,3,4,24,2,5,0,5,214,0,2,7,0,59,5,35,295,119,0,381,7,249,106,0,929,100,91,14,179,282
"2012-08-01",0,0,0,0,0,0,0,7,0,0,0,0,0,0,3,0,0,1,7,0,0,0,0,0,0,0,0,16,1,8,0,0,0,0,0,0,1,24,0,0,4,0,10,38,0,0,21,0,15,0,0,5,0,0,0,0,1,0,0,0,0,0,1,1,11,0,6,0,54,0,8,0,78,0,0,0,0,0,0,1,1,3,0,0,2,0,0,0,3,0,0,95,0,0,126,44,0,0,0,0,0,0,29,4,178,0,1,0,165,0,0,1,0,0,0,0,1,0,19,0,3,5,47,0,6,0,0,3,0,2,0,4,297,0,149,0,0,0,1,0,0,2,4,1,0,6,0,50,7,0,90,29,9,222,0,3,2,0,27,8,7,3,73,119,5,3,5,8,18,4,44,3,444,8,3,4,30,2,6,0,5,227,0,2,7,3,65,5,36,309,133,0,414,7,276,118,0,989,106,99,15,192,298
"2012-09-01",0,0,0,0,0,0,0,7,0,0,0,0,0,0,3,0,0,1,7,0,0,0,0,0,0,0,0,19,1,10,0,0,0,0,0,0,1,28,0,0,4,0,10,39,0,0,21,0,15,0,0,5,0,0,0,0,1,0,0,0,0,0,1,1,11,0,6,0,55,0,9,0,81,0,0,0,0,0,0,1,1,3,0,0,2,0,0,0,3,0,0,98,0,0,129,47,0,0,0,0,0,0,35,4,190,0,1,0,181,0,0,1,0,0,0,0,1,0,20,0,3,5,49,0,7,0,0,3,0,2,0,4,306,0,155,0,0,0,1,0,0,2,4,1,0,6,0,56,8,0,101,32,11,246,0,3,2,0,33,8,7,3,77,125,5,3,5,8,18,5,49,3,478,8,3,4,32,2,6,0,5,244,0,3,7,4,65,5,38,336,144,0,432,7,300,127,0,1049,117,108,15,211,323
"2012-10-01",0,0,0,0,0,0,0,7,0,0,0,0,0,0,3,0,0,1,7,0,0,0,0,0,0,0,0,20,1,10,0,0,0,0,0,0,1,29,0,0,4,0,10,41,0,0,23,0,15,0,0,5,0,0,0,0,1,0,0,0,0,0,1,1,11,0,6,0,62,0,9,0,83,0,0,0,0,0,0,1,2,3,0,0,2,0,0,0,3,0,0,104,0,0,131,49,0,0,0,0,0,0,38,4,199,0,1,0,190,0,0,1,0,0,0,0,1,0,21,0,3,6,51,0,8,0,0,3,0,2,0,5,316,0,160,0,0,0,1,0,1,2,4,1,0,6,0,56,8,0,106,33,14,261,0,4,2,0,37,8,7,3,79,134,6,3,6,8,18,5,51,3,501,8,4,4,32,2,6,0,5,254,0,3,7,4,69,5,38,363,146,0,458,7,314,134,0,1098,122,116,15,224,345
"2012-11-01",0,0,0,0,0,0,0,7,0,0,0,0,0,0,3,0,0,1,7,0,0,0,0,0,0,0,0,20,1,10,0,0,0,0,0,0,1,29,0,0,4,0,10,46,0,0,24,0,15,0,0,5,0,0,0,0,1,0,0,0,0,0,1,1,11,0,6,0,62,0,9,0,86,0,0,0,0,0,0,1,2,3,0,0,2,0,0,0,3,0,0,111,0,0,136,49,0,0,1,0,0,0,39,4,209,0,1,0,200,0,0,1,0,0,0,0,1,0,25,0,3,6,57,0,8,0,0,3,0,2,0,5,329,0,165,0,0,0,1,0,1,2,4,1,0,6,0,58,8,0,114,33,14,273,0,4,6,0,38,9,7,3,85,139,6,3,6,8,21,5,53,3,530,8,4,4,32,2,6,0,7,276,0,3,8,5,72,5,39,389,151,0,492,7,329,138,0,1156,127,124,15,241,369
"2012-12-01",0,0,0,0,0,0,0,7,0,0,0,0,0,0,3,0,0,1,7,0,1,0,0,0,0,0,0,21,1,11,0,0,0,0,0,0,1,29,0,0,4,0,10,48,0,0,26,0,15,0,0,5,0,0,0,0,1,0,0,0,0,0,1,1,11,0,7,0,65,0,9,0,88,0,0,0,1,0,1,1,2,3,0,0,2,0,0,0,3,0,0,120,0,0,148,50,0,0,1,0,0,0,39,5,228,0,1,0,219,0,1,1,0,0,0,0,1,0,26,0,4,6,63,0,9,0,0,3,0,2,0,5,344,0,175,0,0,0,1,1,1,2,5,1,0,6,0,65,8,0,123,34,14,295,0,4,6,0,40,9,8,3,89,147,6,3,6,8,21,5,58,3,555,9,4,4,38,2,8,0,7,294,0,3,12,5,74,5,42,414,163,0,530,7,341,150,0,1232,135,137,15,258,390
"2013-01-01",0,0,0,0,0,0,0,7,0,0,0,0,0,0,3,0,0,1,7,0,1,0,0,0,0,0,0,21,1,11,0,0,0,0,0,0,1,30,0,0,4,0,10,50,0,0,27,0,15,0,0,5,0,0,0,0,1,0,0,0,0,0,1,1,11,0,7,0,68,0,9,0,90,0,1,0,1,0,1,1,2,3,0,0,2,0,0,0,3,0,0,128,0,0,155,54,0,0,1,0,0,0,40,5,242,0,1,0,237,0,1,1,0,1,0,0,1,0,28,0,4,6,71,0,9,0,0,3,0,2,0,5,358,0,178,0,0,0,1,1,1,2,5,1,0,6,0,68,8,0,130,37,20,308,0,4,7,0,43,10,8,3,94,160,7,3,7,9,21,6,60,3,581,10,4,4,39,2,8,0,7,310,0,3,12,6,76,5,42,443,178,0,569,7,351,157,0,1279,140,148,15,273,409
"2013-02-01",0,0,0,0,0,0,0,7,0,0,0,0,0,0,3,0,0,1,7,0,1,0,0,0,0,0,0,22,1,11,0,0,0,0,0,0,1,31,0,0,4,0,10,51,0,0,30,0,15,0,0,5,0,0,0,0,1,0,0,0,0,0,1,1,11,0,7,0,70,0,9,0,92,0,1,0,1,0,1,1,2,3,0,0,2,0,0,0,3,0,0,135,0,0,161,56,0,0,1,0,0,0,41,5,258,0,1,0,245,0,1,1,0,1,0,0,2,0,30,0,4,6,80,0,9,0,0,3,0,2,0,5,365,0,182,0,0,0,1,1,1,2,5,1,0,6,0,69,8,0,132,38,20,318,0,4,7,0,44,11,8,3,97,165,7,3,7,9,21,6,61,4,607,10,5,4,42,2,12,0,7,322,0,4,12,6,78,5,42,465,187,0,595,7,363,166,0,1342,146,153,19,283,430
"2013-03-01",0,0,0,0,0,0,0,8,0,0,0,0,0,0,3,0,0,1,7,0,1,0,0,0,0,0,0,23,1,11,0,0,0,0,0,0,1,31,0,0,4,0,10,54,0,0,30,0,15,0,0,5,0,0,0,0,1,0,0,0,0,0,1,1,11,0,7,0,72,0,9,0,93,0,1,0,1,0,1,1,2,3,0,0,2,0,0,0,3,0,0,140,0,0,167,56,0,0,1,0,0,0,42,5,263,0,1,0,248,0,1,1,0,1,0,0,2,0,33,0,4,7,83,0,9,0,0,3,0,2,0,5,381,0,186,0,0,0,1,1,1,2,5,1,0,6,0,71,8,0,136,40,26,335,0,5,7,0,44,12,8,3,102,174,7,3,7,9,21,6,64,4,632,11,5,5,48,2,14,0,7,332,0,4,12,7,79,6,43,487,194,0,622,7,371,174,0,1388,151,158,19,295,448
"2013-04-01",0,0,0,0,0,0,0,8,0,0,0,0,0,0,3,0,0,1,7,0,1,0,0,0,0,0,0,23,1,11,0,0,0,0,0,0,1,35,0,0,4,0,10,54,0,0,31,0,15,0,0,5,0,0,0,0,1,0,0,0,0,0,1,1,11,0,8,0,75,0,9,0,96,0,1,0,1,0,1,1,3,3,0,0,2,0,0,0,4,0,0,148,0,0,171,59,0,0,1,0,0,0,43,5,275,0,1,0,259,0,1,1,0,1,0,0,2,0,34,0,4,7,83,0,10,1,0,3,0,4,0,5,394,0,193,0,0,0,1,1,1,6,5,1,0,6,0,72,8,0,141,42,30,344,0,5,7,0,47,12,9,3,108,182,7,3,7,10,21,6,64,4,662,13,5,5,48,2,15,0,7,341,0,4,14,7,79,6,46,514,207,1,656,7,388,178,0,1458,167,166,19,316,473
"2013-05-01",0,0,0,0,0,0,0,8,0,0,0,0,0,0,3,0,0,1,7,0,1,0,0,0,0,0,0,24,1,11,0,0,0,0,0,0,1,36,0,0,4,0,10,55,0,0,31,0,15,1,0,5,0,0,0,0,1,0,0,0,0,0,1,1,12,0,8,0,81,0,9,0,96,0,1,0,1,0,1,1,3,3,0,0,2,0,0,0,4,0,0,155,0,0,172,61,0,0,1,0,0,0,44,6,284,0,1,0,266,0,1,1,0,1,0,2,2,0,36,0,4,7,86,0,11,1,0,3,0,4,0,5,409,0,198,0,0,0,1,1,1,6,5,1,0,6,0,77,8,0,144,43,30,357,0,5,7,0,47,12,11,3,111,196,7,4,7,11,23,6,64,4,685,14,5,5,49,2,21,0,8,362,0,4,14,7,85,6,46,530,219,1,695,7,401,185,0,1513,177,174,20,340,503
"2013-06-01",0,0,0,0,0,0,0,8,0,0,0,0,0,0,3,0,0,1,7,0,1,0,0,0,0,0,0,24,1,11,0,0,0,0,0,0,1,37,0,0,4,0,10,55,0,0,31,0,15,1,0,5,0,0,0,0,1,0,0,0,0,0,1,1,14,0,9,0,84,0,9,0,100,0,1,0,1,0,1,1,3,3,0,0,2,0,0,0,4,0,0,162,0,0,178,63,0,0,1,0,0,0,49,6,299,0,1,0,270,0,1,1,0,1,0,2,2,0,36,0,5,7,99,0,11,1,0,4,0,4,0,6,438,0,205,0,0,0,1,1,1,6,5,1,0,6,0,79,8,0,149,47,31,374,0,5,7,0,48,13,12,3,113,199,7,4,7,12,24,6,71,4,711,16,5,5,50,2,21,0,9,376,0,5,15,8,89,6,48,550,229,1,727,8,416,191,0,1583,188,184,21,349,528
"2013-07-01",0,0,0,0,0,0,0,9,0,0,0,0,0,0,3,0,0,1,7,0,1,0,0,0,0,0,0,24,1,11,0,0,0,0,0,0,1,38,0,0,4,0,10,59,0,0,31,0,15,1,0,5,0,0,0,0,1,0,0,0,0,0,1,1,14,0,9,0,87,0,9,0,105,0,1,0,2,0,1,1,3,3,0,0,2,0,0,0,4,0,0,172,0,0,189,64,0,0,1,0,0,0,51,6,314,0,2,0,279,0,1,1,0,1,0,2,2,0,37,0,7,7,99,0,11,1,0,4,0,4,0,6,458,0,210,0,0,0,2,1,1,6,5,1,0,6,0,83,10,0,159,50,31,395,0,5,7,0,52,14,12,3,119,203,7,4,7,12,28,6,74,6,740,18,5,5,55,2,22,0,9,399,0,5,15,8,93,6,48,575,242,1,767,8,445,197,0,1643,194,188,23,385,556
"2013-08-01",0,0,0,0,0,0,0,9,0,0,0,0,0,0,3,0,0,1,7,0,1,0,0,0,0,0,0,24,1,11,0,0,0,0,0,0,1,40,0,0,4,0,10,62,0,0,32,0,15,1,0,5,0,0,0,0,1,0,0,0,0,0,1,1,14,0,9,0,89,0,9,0,108,0,1,2,2,0,1,1,3,3,0,0,2,0,0,0,4,0,2,183,0,0,193,68,0,0,1,0,0,0,51,6,326,0,2,0,286,0,1,1,0,1,0,2,2,0,39,0,7,7,100,0,11,1,0,4,0,4,0,7,469,0,220,0,0,0,7,1,1,6,5,1,0,6,0,85,11,0,169,51,34,405,0,5,7,0,53,15,12,3,125,212,7,4,7,12,28,6,78,6,775,18,5,8,59,2,22,0,10,417,0,5,15,9,101,6,54,608,263,1,810,8,467,210,0,1713,207,202,24,401,577
"2013-09-01",0,0,0,0,0,0,0,9,0,0,0,0,0,0,3,0,0,1,7,0,1,0,0,0,0,0,0,26,1,11,1,0,0,0,0,0,1,41,0,0,4,0,10,64,0,0,34,0,15,1,0,5,0,0,0,0,1,0,0,0,0,0,1,1,14,0,9,0,92,0,9,0,109,0,1,2,2,0,1,1,3,3,0,0,2,0,0,0,4,0,2,209,0,0,194,70,0,0,1,0,0,0,51,6,341,0,2,0,294,0,1,1,0,1,0,2,2,0,40,0,7,8,101,0,11,1,0,4,0,4,0,7,483,0,225,0,0,0,7,1,1,6,5,1,0,6,0,91,11,0,176,53,35,422,0,8,8,0,53,16,12,3,129,221,7,4,7,15,32,7,83,6,798,18,5,11,63,3,22,0,11,429,0,5,17,13,102,6,59,629,279,1,838,10,482,218,0,1801,212,213,24,420,597
"2013-10-01",0,0,0,0,0,0,0,9,0,0,0,0,0,0,4,1,0,1,7,0,1,0,0,0,0,0,0,27,1,11,1,0,0,0,0,0,1,43,0,0,4,0,10,64,0,1,35,0,15,1,0,5,0,0,0,0,1,0,0,0,0,0,1,1,14,0,28,0,96,0,10,0,115,0,1,2,4,0,1,2,3,3,0,0,2,0,0,0,4,0,2,219,0,0,196,73,0,0,1,0,0,0,53,6,356,0,2,0,299,0,1,1,0,1,0,2,2,0,40,0,7,8,109,0,11,1,0,4,0,4,0,7,497,0,232,0,0,0,7,1,1,6,6,1,0,6,0,99,12,0,182,53,36,439,0,10,8,0,59,16,12,3,131,224,7,5,7,15,33,12,83,8,817,18,5,12,66,3,22,0,12,439,1,5,18,13,107,6,63,646,293,2,868,10,494,226,0,1852,221,228,24,436,618
"2013-11-01",0,0,0,0,0,0,0,10,0,0,0,0,0,0,4,1,0,1,7,0,1,0,0,0,0,1,0,28,1,12,1,0,0,0,0,0,1,44,0,1,4,0,10,64,0,1,35,0,15,1,0,5,0,0,0,0,1,0,0,0,0,0,1,1,14,0,28,0,97,0,11,1,118,0,1,2,4,0,1,2,4,3,0,0,2,0,0,0,4,0,2,236,0,0,199,75,0,0,1,0,0,0,55,8,365,0,2,0,309,0,1,1,0,1,0,2,3,0,44,0,7,10,112,0,11,1,0,4,0,4,0,7,511,0,235,1,0,0,8,1,1,6,6,3,0,6,0,111,12,0,184,56,37,457,0,11,8,0,59,19,12,3,134,233,7,5,9,17,35,12,87,8,848,20,5,12,72,3,22,0,18,451,1,5,18,14,110,6,67,667,307,2,910,10,513,231,0,1897,227,237,24,455,632
"2013-12-01",0,0,0,0,0,0,0,10,0,0,0,0,0,0,5,1,0,1,7,0,1,0,0,0,0,1,0,28,1,12,1,0,0,0,0,0,1,44,0,1,4,1,10,65,0,1,37,0,15,2,0,5,0,0,0,0,1,0,0,0,0,0,1,1,14,0,28,0,98,0,11,1,119,0,1,2,5,0,1,2,4,3,0,0,3,0,0,0,4,0,2,248,0,0,206,77,0,0,1,0,0,0,57,8,382,0,2,0,322,0,1,1,0,1,0,2,3,0,45,0,8,10,122,0,11,1,0,4,0,4,0,7,525,0,247,1,1,0,8,2,1,6,6,3,0,7,0,115,12,0,188,59,37,475,0,11,9,0,61,21,13,4,137,246,7,5,9,18,35,12,90,8,870,21,5,12,75,3,23,0,18,464,1,5,18,15,115,6,71,704,329,2,961,10,531,240,0,1959,240,244,25,483,661
"2014-01-01",0,0,0,0,0,0,0,10,0,0,0,0,0,0,5,1,0,1,7,0,1,0,0,0,0,1,0,33,1,12,1,0,0,0,0,0,1,45,0,1,4,1,12,68,0,1,39,0,15,2,0,5,0,0,0,0,1,0,0,0,0,0,1,2,14,0,29,0,100,0,12,1,122,0,1,2,5,0,1,2,4,3,0,0,3,0,0,0,4,0,2,263,0,0,211,80,0,0,1,0,0,0,59,8,394,0,4,0,333,0,1,1,0,1,0,2,3,0,47,0,8,10,124,0,11,1,0,4,0,4,0,8,539,0,250,1,1,0,8,2,1,6,7,3,0,8,0,116,12,0,190,63,37,502,0,11,9,0,63,21,14,4,141,251,7,6,9,18,35,13,95,8,903,21,5,16,79,3,23,0,18,475,1,5,18,17,119,6,72,716,344,2,991,11,551,245,0,2013,256,258,26,510,695
"2014-02-01",0,0,0,0,0,0,0,11,0,0,0,0,0,0,5,1,0,1,7,0,1,1,0,1,0,1,0,34,1,12,1,0,0,0,0,0,1,49,0,1,4,1,12,71,0,1,40,0,15,2,0,5,0,0,0,0,1,0,0,0,0,0,2,3,14,0,30,0,109,0,12,1,124,0,1,2,5,0,1,2,4,3,0,0,3,0,0,0,4,0,2,276,0,0,216,82,0,0,1,0,0,0,61,8,419,0,5,0,343,0,1,3,0,1,0,2,3,0,48,0,8,10,131,0,11,1,0,4,0,4,0,9,558,0,255,1,1,0,8,2,1,7,7,3,0,8,2,122,19,0,203,68,37,521,0,17,9,0,65,21,14,4,144,260,7,7,9,18,37,13,98,8,927,25,5,16,83,3,23,0,18,494,1,10,18,18,126,6,74,761,354,2,1030,11,580,262,0,2063,264,267,27,540,740
"2014-03-01",0,0,0,0,0,0,0,11,0,0,0,0,0,0,5,1,0,1,7,0,1,1,0,1,0,1,0,35,1,12,1,0,0,0,0,0,1,50,0,1,4,1,13,72,0,1,43,0,15,2,0,5,0,0,0,0,1,0,0,0,0,0,2,3,14,0,31,0,113,0,12,1,124,0,1,4,5,0,1,3,4,3,0,0,3,0,0,0,4,0,2,286,0,0,221,84,0,0,1,0,0,0,64,9,429,0,5,0,347,0,1,3,0,1,0,2,3,0,48,0,8,10,135,0,11,1,0,4,0,4,0,9,576,0,260,1,1,0,8,2,1,7,8,3,0,8,2,125,19,0,204,74,41,536,0,17,9,0,69,22,15,4,149,263,7,7,9,19,37,13,107,8,950,25,5,16,84,3,24,0,20,496,1,11,18,18,133,7,74,784,368,2,1064,11,607,267,0,2105,271,277,27,558,763
"2014-04-01",0,0,0,0,0,0,0,11,0,0,0,0,0,0,5,1,0,1,7,0,2,1,0,1,0,1,0,37,1,12,1,0,0,0,0,0,1,53,0,1,4,1,14,75,0,1,43,0,15,2,0,5,0,0,0,0,1,0,0,0,0,0,2,3,15,0,31,0,115,0,13,1,124,0,1,4,5,0,1,3,4,3,0,0,3,0,0,0,4,0,2,302,0,0,224,84,0,0,1,0,0,0,66,9,435,0,5,0,360,0,1,3,0,1,0,2,3,0,49,0,8,10,140,0,11,1,0,4,0,4,0,9,590,0,268,1,1,0,8,2,1,7,8,3,0,8,2,131,20,0,210,79,41,557,0,17,9,0,73,24,16,5,157,270,7,8,9,19,40,13,114,8,977,26,5,17,87,3,25,0,20,509,1,11,19,18,138,7,75,809,380,2,1107,11,631,273,0,2173,283,292,29,589,790
"2014-05-01",0,0,0,0,0,0,0,11,0,0,0,0,0,0,7,1,0,1,7,0,2,1,0,1,0,1,0,38,1,15,1,0,0,0,0,0,1,54,0,1,4,1,14,77,0,1,44,0,15,2,0,5,0,0,0,0,1,0,0,0,0,0,2,3,18,0,31,0,116,0,13,2,136,0,1,4,6,0,2,3,4,3,0,0,4,0,0,0,4,0,2,315,0,0,228,86,0,0,1,0,0,0,68,9,449,0,5,0,362,0,1,4,0,1,0,2,3,0,50,0,8,10,149,0,12,1,0,4,0,4,0,10,606,0,274,2,1,0,9,2,1,8,9,3,0,8,2,144,21,0,218,82,42,569,0,17,9,0,79,25,16,6,158,280,7,8,10,20,41,13,122,8,1003,27,5,20,88,3,31,0,20,518,1,11,19,19,140,7,77,843,398,2,1137,13,648,294,0,2244,289,306,30,618,818
"2014-06-01",0,0,0,0,0,0,0,11,0,0,0,0,0,0,7,1,0,1,7,0,2,1,0,1,0,1,0,39,1,15,1,0,0,0,0,0,1,56,0,1,4,1,15,80,0,1,47,0,15,2,0,5,0,0,0,0,1,0,0,0,0,0,2,4,18,0,31,0,120,0,13,2,140,0,1,4,6,0,2,3,4,3,0,0,4,0,0,0,4,0,2,331,0,0,234,88,0,0,1,0,0,0,73,9,467,0,5,0,372,0,1,4,0,1,0,2,3,0,51,0,9,10,152,0,14,1,0,4,0,4,0,11,617,0,282,2,1,0,9,2,1,8,9,5,0,8,2,155,22,0,221,85,42,588,0,19,9,0,82,25,18,6,162,288,7,10,10,20,42,14,125,8,1048,30,6,23,91,3,33,0,23,534,2,12,22,21,147,8,86,879,424,8,1185,13,662,309,0,2286,303,320,32,645,851
"2014-07-01",0,0,0,0,0,0,0,11,0,0,0,0,0,0,7,1,0,1,7,0,2,1,0,1,0,1,0,41,1,15,1,0,0,0,0,0,1,57,0,1,4,1,15,83,0,1,48,0,15,2,0,5,0,0,0,0,1,0,0,0,0,0,2,4,23,0,32,0,125,0,16,2,144,0,1,4,6,0,2,3,4,3,0,0,4,0,0,0,4,0,2,345,0,0,238,93,0,0,1,0,0,0,73,9,477,0,5,0,379,0,1,4,0,1,0,2,3,1,52,0,9,10,159,0,14,1,0,7,0,4,0,13,630,0,293,2,1,0,10,2,1,8,10,5,0,8,2,162,23,0,231,89,43,614,0,19,11,0,85,26,18,7,166,300,8,10,10,21,42,14,132,9,1080,30,8,25,97,3,37,0,25,551,2,15,26,21,154,8,90,915,456,8,1240,14,692,315,0,2357,312,336,37,682,874
"2014-08-01",0,0,0,0,0,0,0,12,0,0,0,0,0,0,7,1,0,1,7,0,2,1,0,1,0,1,0,41,1,16,2,0,0,0,0,0,1,58,0,1,4,1,16,87,0,1,49,0,15,2,0,5,0,0,0,0,1,0,0,0,0,0,2,4,24,0,35,0,127,0,18,2,149,0,1,5,6,0,2,3,4,3,0,0,5,0,0,0,4,0,2,362,0,0,242,98,0,0,1,0,0,0,79,10,488,0,5,1,386,0,1,4,0,1,0,2,3,1,55,0,9,10,175,0,15,1,0,8,0,4,0,14,653,0,301,2,1,0,11,3,1,8,11,10,0,8,2,168,23,0,236,92,43,629,0,20,11,1,85,29,18,8,171,307,8,10,10,23,46,14,141,12,1120,31,8,27,104,3,40,0,25,566,2,16,37,22,160,8,92,963,485,8,1309,15,725,327,0,2425,328,357,44,725,904
"2014-09-01",0,0,0,0,0,0,0,12,0,0,0,0,0,0,8,1,0,1,7,0,2,1,0,1,0,1,0,43,1,16,2,0,0,0,0,0,1,59,0,4,4,1,17,88,0,1,52,0,16,2,0,5,0,0,0,0,1,0,0,0,0,0,2,6,24,0,41,0,130,0,20,2,149,0,1,5,7,0,2,3,6,3,0,0,5,0,0,0,4,0,2,373,0,0,247,101,0,0,1,0,0,0,80,10,500,0,5,1,393,0,1,4,0,1,0,2,3,1,55,0,9,11,186,0,18,1,0,8,0,5,0,14,675,0,308,3,1,0,11,3,1,8,11,10,0,10,2,172,23,0,245,99,44,646,0,23,13,1,87,30,18,8,176,315,9,11,12,25,48,15,141,12,1145,35,9,27,108,3,42,0,28,583,2,16,40,23,163,10,102,1002,511,8,1353,16,739,337,0,2498,338,378,47,762,932
"2014-10-01",0,0,0,1,0,0,0,14,0,0,0,0,0,0,8,1,0,1,7,0,3,1,0,1,0,1,0,44,1,17,2,0,0,0,0,0,1,60,0,5,4,1,17,90,0,1,53,0,16,2,0,5,0,0,0,0,1,0,0,0,0,0,2,6,24,1,41,0,135,0,21,2,154,0,1,5,8,0,2,3,6,3,1,0,5,0,0,0,4,0,2,385,0,0,249,103,0,0,1,0,0,0,82,10,511,0,5,1,402,0,1,4,0,1,0,2,3,1,55,0,10,11,193,0,19,1,0,8,0,6,0,14,688,0,311,3,1,0,11,3,1,8,11,10,0,11,2,180,24,0,251,104,49,666,0,24,13,1,89,44,18,8,184,325,9,11,13,27,52,15,145,12,1191,40,12,27,110,4,49,0,28,597,2,16,41,23,164,10,105,1033,523,8,1402,18,774,342,0,2539,352,397,48,781,958
"2014-11-01",0,0,0,1,0,0,0,14,0,0,0,0,0,0,8,1,0,1,7,0,3,2,0,1,0,1,0,46,1,17,2,0,0,0,0,0,1,64,0,5,4,1,18,90,0,1,53,0,16,2,0,5,0,0,0,0,1,0,0,0,0,0,2,6,24,1,43,0,137,0,21,2,157,0,1,6,9,0,2,4,6,3,1,0,5,0,0,0,4,0,2,404,0,0,254,105,0,0,1,0,0,0,83,10,518,0,5,1,403,0,1,4,0,1,1,2,3,1,59,0,13,12,199,0,23,1,0,8,0,7,0,14,694,0,315,3,1,0,11,3,1,8,11,10,0,11,4,189,25,1,258,109,50,674,0,25,16,2,90,45,24,11,184,329,9,11,14,27,54,15,155,12,1208,40,12,29,110,4,53,0,28,620,2,17,43,23,168,10,110,1076,538,8,1435,18,805,346,0,2590,365,417,48,811,986
"2014-12-01",0,0,0,1,0,0,0,14,0,0,0,0,0,0,8,1,0,1,7,0,3,2,0,1,2,1,0,47,1,17,2,0,0,0,0,0,1,66,0,5,4,1,18,90,0,1,55,0,16,2,0,5,0,0,0,0,1,0,0,0,0,0,2,6,24,1,43,0,137,0,22,3,158,0,1,6,9,0,2,4,6,3,1,0,5,0,0,0,4,0,2,416,0,0,256,105,0,0,1,0,0,0,83,11,539,0,6,1,409,0,1,4,0,1,1,2,4,1,61,0,16,12,204,0,23,2,0,8,0,7,0,16,702,0,320,3,1,0,11,3,1,8,11,10,0,11,4,195,26,1,265,112,53,690,0,26,16,2,91,45,24,11,189,338,9,11,15,27,55,21,159,12,1240,42,14,32,115,4,57,0,29,635,2,18,44,23,173,10,113,1110,561,8,1476,18,826,353,0,2655,384,430,48,836,1012
"2015-01-01",0,0,0,1,0,0,0,14,0,0,0,0,0,0,8,1,1,1,9,0,3,2,0,1,3,1,0,50,1,17,2,0,0,0,0,0,1,66,0,6,4,1,18,92,0,1,56,0,17,2,0,8,0,0,0,0,1,0,0,0,0,0,2,6,24,1,44,0,140,0,26,3,158,0,1,6,9,0,2,4,6,3,1,0,5,0,0,0,4,0,2,432,0,0,265,108,0,0,1,0,0,0,84,11,554,0,6,1,416,0,2,4,0,1,1,2,4,1,61,0,18,12,208,0,23,2,0,9,0,7,0,18,715,0,324,3,1,0,11,3,1,8,11,10,0,11,5,202,27,2,270,118,54,712,0,26,16,2,93,47,24,11,196,345,9,12,15,29,57,24,161,12,1277,43,15,34,117,4,62,0,29,648,2,19,44,26,177,10,118,1142,576,8,1521,18,859,360,0,2704,397,444,49,869,1050
"2015-02-01",0,0,0,1,0,0,0,14,0,0,0,0,0,0,8,1,1,1,10,0,3,2,0,1,3,1,0,52,1,17,3,0,0,0,0,0,1,67,0,7,5,1,18,95,0,1,56,0,17,2,0,8,0,0,0,0,1,0,0,0,0,0,2,7,24,1,45,0,140,0,26,4,159,0,1,6,9,0,2,4,6,3,1,0,5,0,0,0,4,0,2,446,0,0,269,108,0,0,2,0,0,0,89,12,571,0,6,1,426,0,2,4,0,1,1,2,4,1,61,0,19,12,211,0,23,2,0,10,0,7,0,20,728,0,331,3,1,0,11,3,2,8,11,10,0,11,5,211,27,2,273,124,55,722,0,28,16,2,95,48,25,11,200,353,9,17,15,33,60,31,165,17,1306,45,15,35,123,4,67,0,29,659,2,20,46,29,183,10,126,1190,598,8,1551,18,873,367,0,2747,413,459,49,887,1090
"2015-03-01",0,0,0,1,0,0,0,14,0,0,0,0,0,0,8,1,1,1,10,0,3,2,0,3,3,1,0,53,1,17,3,0,0,0,0,0,1,67,0,7,5,1,18,96,0,1,56,0,17,2,0,8,0,0,0,0,1,0,0,0,0,0,2,7,24,1,45,0,142,0,28,4,159,0,1,6,9,0,2,5,6,3,1,0,5,0,0,0,4,0,2,460,0,0,278,111,0,0,2,0,0,0,93,12,584,0,6,1,430,0,3,4,0,1,2,2,4,1,61,0,20,12,216,0,23,2,0,10,0,7,0,20,736,0,331,3,2,0,11,3,2,8,12,11,0,11,5,217,28,2,279,127,59,741,0,28,16,2,98,50,25,11,205,355,9,17,17,37,61,31,173,17,1327,45,15,35,126,5,74,0,29,668,2,20,56,29,191,10,139,1214,608,8,1576,19,891,370,0,2787,423,466,51,909,1109
"2015-04-01",0,0,0,1,0,0,0,14,0,0,0,0,0,0,9,1,1,1,10,0,3,2,0,3,3,1,0,57,1,17,3,0,0,0,0,0,1,68,0,7,6,1,18,96,0,1,62,0,17,2,0,8,0,0,0,0,1,0,0,0,0,0,2,7,24,1,46,0,142,0,28,4,161,0,1,6,9,0,2,6,6,3,1,0,5,0,0,0,4,0,2,475,0,0,278,113,0,0,2,0,0,0,95,13,593,0,6,1,437,0,3,4,0,1,2,2,4,1,63,0,20,12,225,0,23,2,0,10,0,7,0,21,751,0,335,3,2,0,11,3,2,9,12,11,0,11,5,227,30,2,284,128,60,755,0,29,16,2,100,50,25,12,211,362,10,17,21,38,62,32,177,17,1339,46,15,37,131,7,75,0,29,681,2,20,57,34,195,10,141,1242,620,8,1612,20,905,374,0,2832,435,477,52,938,1132
"2015-05-01",0,0,0,1,0,0,0,15,0,0,0,0,0,0,9,1,1,1,10,0,3,2,0,3,3,1,0,57,1,17,5,0,0,0,0,0,1,70,0,10,7,1,18,98,0,1,63,0,17,2,0,8,0,0,0,0,1,0,0,0,0,0,2,7,24,1,48,0,143,0,29,4,163,0,1,6,11,0,2,6,6,3,3,0,5,0,0,0,8,0,2,493,0,0,279,116,0,0,3,0,0,0,96,14,602,0,6,2,447,0,3,4,0,1,3,2,4,2,64,0,21,12,234,0,23,2,0,11,0,7,0,21,762,0,342,3,2,0,12,3,3,10,12,11,0,11,5,237,31,2,288,134,66,772,0,29,16,2,102,54,25,12,219,368,10,18,21,39,67,38,179,17,1363,46,18,42,134,7,84,0,30,692,2,21,57,34,200,24,145,1264,633,11,1655,20,923,376,0,2887,457,496,54,958,1163
"2015-06-01",0,0,0,1,0,0,0,15,0,0,0,0,0,0,9,1,1,1,10,0,3,2,0,3,3,1,0,58,1,18,6,0,0,0,0,0,1,72,0,11,7,3,18,98,1,1,65,0,17,2,0,8,0,0,0,0,1,0,0,0,0,0,2,7,25,1,48,0,146,0,30,4,170,0,1,6,11,0,2,6,6,3,3,0,5,0,0,0,8,1,2,518,0,0,285,124,0,0,3,0,0,0,97,14,614,0,6,2,456,0,3,4,0,1,3,2,4,2,66,0,25,12,243,0,23,2,0,11,0,7,0,22,776,0,348,3,3,0,12,4,3,11,12,11,0,11,5,244,32,2,292,139,66,792,0,31,16,3,104,55,25,13,222,375,10,19,23,44,69,38,182,17,1395,49,19,45,145,7,86,0,31,711,2,21,61,34,206,24,152,1302,653,11,1696,21,952,380,0,2944,465,525,54,990,1199
"2015-07-01",0,0,0,1,0,0,0,15,0,0,0,0,0,0,9,1,1,1,10,0,3,2,0,3,3,1,0,59,1,18,6,1,0,0,0,0,1,72,0,11,7,3,19,99,1,1,65,0,17,2,0,8,0,0,0,0,1,0,0,0,0,0,2,7,25,1,58,0,149,0,32,4,175,0,1,6,11,0,2,8,6,4,3,0,5,0,0,0,8,1,3,536,0,0,287,126,0,0,3,0,0,0,98,18,626,0,6,2,461,0,3,5,0,2,3,2,4,2,67,0,25,12,250,0,26,2,0,11,0,7,0,22,788,0,357,3,5,0,17,4,3,11,12,11,0,11,5,253,33,2,296,141,75,811,0,34,16,3,104,58,25,14,228,382,10,20,25,46,72,39,188,17,1431,51,20,56,154,7,95,0,35,735,2,22,64,40,211,28,157,1346,678,11,1742,24,972,387,0,3017,491,546,54,1027,1244
"2015-08-01",0,0,0,1,0,0,0,17,0,0,0,0,0,0,9,1,1,1,10,0,3,2,0,3,3,1,0,60,1,18,6,1,0,0,0,0,1,79,0,12,7,3,21,101,1,1,68,0,17,2,0,8,0,0,0,0,1,0,0,0,0,0,2,7,25,1,58,0,149,0,37,4,178,0,1,6,11,0,2,8,6,4,3,0,5,0,0,0,8,1,3,559,0,0,291,131,0,0,3,0,0,0,100,18,634,0,6,2,470,0,3,5,0,2,3,2,4,2,69,0,25,12,258,0,27,3,0,11,0,8,0,23,801,0,364,3,5,0,17,4,3,11,13,13,0,11,7,267,36,2,298,144,75,830,0,35,16,4,109,60,25,14,238,386,10,21,25,49,72,43,195,17,1475,54,20,63,163,9,101,0,37,753,2,28,68,45,217,29,162,1399,699,12,1802,31,996,404,0,3058,500,575,57,1069,1288
"2015-09-01",0,0,0,1,0,0,0,17,0,0,0,0,0,0,9,1,1,1,10,0,3,2,0,3,3,1,0,60,1,18,6,1,0,0,0,0,1,83,0,12,8,3,22,103,1,1,68,0,17,2,0,8,0,0,0,0,1,0,0,0,0,0,2,7,25,1,60,0,150,0,39,4,185,0,1,6,11,0,2,9,6,4,4,0,5,0,0,0,8,1,3,583,0,0,292,132,0,0,3,0,0,0,100,18,647,0,12,2,482,0,3,6,0,2,3,2,4,2,69,0,26,13,274,0,27,4,0,11,0,8,0,25,813,0,370,3,7,0,17,4,3,11,13,13,0,12,7,274,38,2,303,152,76,844,0,38,17,5,110,63,25,14,243,391,10,24,26,50,75,43,199,19,1507,55,25,67,166,9,108,0,38,778,2,31,74,46,218,32,167,1441,719,13,1845,31,1020,415,0,3105,516,601,62,1093,1317
"2015-10-01",0,0,0,1,0,0,0,18,0,0,0,0,0,0,9,1,1,2,11,0,3,2,0,3,3,1,0,62,1,20,6,1,0,0,0,0,1,84,0,12,8,3,22,103,1,1,69,0,18,2,0,8,0,0,0,0,1,0,0,0,0,0,2,7,27,1,60,0,154,0,39,4,186,0,1,6,11,0,2,9,6,4,4,0,5,0,0,0,9,1,3,598,0,0,294,133,0,0,3,0,0,0,101,18,662,0,13,3,486,0,3,7,0,2,3,2,4,2,69,0,27,14,279,0,27,5,0,12,0,8,0,25,825,0,378,4,7,0,21,4,3,11,13,13,0,12,7,280,38,4,307,156,80,865,0,41,17,5,113,64,25,14,251,394,11,24,32,51,79,45,201,19,1544,56,25,75,173,9,110,0,39,784,3,32,75,47,223,36,172,1469,733,15,1886,33,1039,431,0,3146,539,620,64,1125,1348
"2015-11-01",0,0,0,1,0,0,0,19,0,0,0,0,0,0,9,1,1,2,11,0,3,2,0,3,3,1,0,63,1,20,6,1,0,0,0,0,1,84,0,12,8,3,23,103,2,1,76,0,19,2,0,8,0,0,0,0,1,0,0,0,0,0,2,7,28,1,61,0,157,0,41,4,188,0,1,6,11,0,2,11,6,4,4,0,5,0,0,0,9,1,3,616,0,0,299,135,0,0,3,0,0,0,102,19,671,0,14,3,488,0,3,8,0,2,3,2,4,6,69,0,28,14,283,0,27,6,0,12,0,9,0,25,848,0,382,4,8,0,21,4,3,11,14,14,0,13,7,288,41,4,314,161,83,874,0,42,18,5,114,65,27,18,258,400,12,25,35,52,82,45,209,19,1579,57,26,81,179,10,120,0,40,795,3,33,77,50,229,39,180,1510,757,15,1927,40,1063,441,0,3190,553,645,65,1157,1376
"2015-12-01",0,0,0,1,0,0,0,19,0,0,0,0,0,0,9,1,1,2,11,0,3,2,0,3,3,1,0,67,1,21,6,1,0,0,0,0,2,85,0,14,8,3,23,106,2,1,78,0,19,2,0,8,0,0,0,0,1,0,0,0,0,0,2,9,28,1,61,0,159,0,44,4,195,0,1,6,12,0,2,12,6,4,4,0,6,0,0,0,11,1,3,654,0,0,302,136,0,0,3,0,0,0,103,19,682,0,14,3,498,0,3,8,0,2,3,6,5,6,70,0,30,14,297,0,28,6,0,15,0,9,0,27,860,0,390,4,8,0,21,4,3,11,15,16,0,14,7,302,44,4,326,166,86,907,0,43,18,5,118,66,27,19,268,406,12,25,36,57,84,45,216,20,1616,61,28,84,188,10,124,0,44,812,3,33,80,55,233,39,183,1554,777,15,1979,43,1078,448,0,3259,576,660,68,1200,1414
"2016-01-01",0,0,0,1,0,0,0,19,0,0,0,0,0,0,9,1,1,2,11,0,3,2,0,3,3,1,0,70,1,21,6,1,0,0,0,0,2,85,0,15,8,3,24,107,3,1,79,0,19,2,0,8,0,0,0,0,1,0,0,0,0,0,2,11,28,1,62,0,159,0,46,4,197,0,1,6,12,0,2,13,6,4,4,0,6,0,0,0,12,2,3,691,0,0,303,140,0,0,3,0,0,0,103,20,696,0,15,3,501,0,3,9,0,2,3,6,5,6,73,0,31,17,309,0,28,6,0,15,0,9,0,28,871,0,393,4,8,0,25,4,3,13,15,19,0,16,8,314,44,4,334,170,89,920,0,44,20,5,120,69,29,20,276,411,13,25,39,58,91,45,222,23,1651,63,28,84,201,10,127,0,49,824,3,34,83,55,239,40,194,1584,807,15,2034,45,1107,457,0,3308,590,677,69,1223,1447
"2016-02-01",0,0,0,1,0,0,0,19,0,0,0,0,0,0,10,1,1,2,11,0,3,2,0,3,3,1,0,71,2,21,7,1,0,0,0,0,2,85,1,15,8,3,25,109,3,1,79,0,19,3,0,8,0,0,0,0,2,0,0,0,0,0,2,11,28,1,63,0,160,0,49,4,198,0,1,6,12,0,2,13,6,4,4,0,6,0,0,0,12,2,3,707,0,0,305,140,0,0,4,0,0,0,106,21,710,0,15,3,508,0,3,9,0,3,3,7,8,6,77,0,31,17,313,0,29,6,0,15,0,9,0,29,882,0,393,4,8,0,25,4,3,13,15,19,0,17,9,316,45,4,336,171,90,934,0,51,21,5,121,70,29,21,280,415,14,25,40,59,92,46,228,23,1666,65,29,89,207,10,136,0,52,836,3,34,87,57,244,40,197,1612,825,15,2075,54,1121,468,0,3333,600,690,69,1240,1476
"2016-03-01",0,0,0,1,0,0,0,19,0,0,0,0,0,0,10,1,2,2,11,0,3,2,0,3,3,1,0,71,2,21,7,1,0,0,0,0,2,86,1,15,8,3,25,110,3,1,79,0,20,3,0,10,0,0,0,0,2,0,0,0,0,0,2,11,28,1,63,0,160,0,49,4,198,0,1,6,13,0,2,13,6,4,4,0,6,0,0,0,12,3,3,733,0,0,307,145,0,0,4,0,0,0,107,21,720,0,15,3,515,0,3,9,0,3,4,7,8,6,78,0,31,17,319,0,30,6,0,15,0,10,0,29,897,0,395,5,8,0,25,4,3,14,16,20,0,18,9,319,45,4,342,176,91,948,0,52,21,6,122,76,31,21,285,418,14,25,41,60,93,51,236,23,1685,65,29,89,213,11,142,0,52,842,3,34,92,58,248,44,198,1629,840,16,2106,56,1136,475,0,3375,611,695,74,1268,1498
"2016-04-01",0,0,0,1,0,0,0,19,0,0,0,0,0,0,10,1,2,2,11,0,4,2,0,3,3,1,0,74,2,21,8,1,0,0,0,0,2,86,1,15,8,3,26,110,3,1,81,0,20,3,0,10,0,0,0,0,2,0,0,0,0,0,2,11,28,1,63,0,161,0,50,4,200,0,1,6,14,0,2,15,6,5,4,0,6,0,0,0,12,3,3,774,0,0,310,148,0,0,4,0,0,0,109,22,728,0,15,3,527,0,3,9,0,3,5,7,8,6,83,0,32,19,332,0,30,7,0,16,0,10,0,29,906,0,401,5,8,0,26,4,3,14,17,23,0,19,9,323,47,6,344,187,92,959,0,57,22,6,124,78,31,21,286,420,14,25,41,60,96,52,242,23,1708,67,29,94,222,11,144,0,54,860,3,34,92,61,256,48,202,1652,857,16,2155,56,1152,481,0,3413,621,709,76,1290,1522
"2016-05-01",0,0,0,1,0,0,0,21,0,0,0,0,0,0,10,2,2,2,11,0,4,2,0,3,3,1,0,74,2,21,8,1,0,0,0,0,2,86,1,16,8,3,26,111,3,1,82,0,20,3,0,10,0,0,0,0,2,0,0,0,0,0,2,11,28,1,64,1,161,0,52,5,200,0,1,6,14,0,2,15,6,5,4,0,6,0,0,0,12,3,4,806,0,0,315,152,0,0,4,0,0,0,110,22,734,0,15,3,533,0,3,9,0,4,5,8,8,6,84,0,33,19,339,0,31,8,0,16,0,10,0,29,912,0,404,5,8,0,26,4,3,16,18,24,0,22,9,327,49,6,351,190,93,977,0,60,22,6,124,78,31,23,291,426,15,25,42,63,105,52,245,23,1738,70,29,95,225,13,159,0,54,866,3,34,103,61,261,51,206,1673,877,16,2189,59,1171,488,0,3444,636,725,78,1319,1551
"2016-06-01",0,0,0,1,0,0,0,21,0,0,0,0,0,0,10,2,2,2,11,0,4,2,0,4,3,1,0,75,2,22,9,1,0,0,0,0,2,86,1,16,8,3,28,119,3,1,84,0,21,4,0,10,0,0,0,0,2,0,0,0,0,0,2,11,29,1,65,1,161,0,52,5,201,0,1,6,14,0,3,15,6,5,4,0,6,0,0,0,12,3,4,832,0,0,317,156,0,0,4,0,0,0,110,23,742,0,15,3,537,0,3,9,0,4,8,10,8,7,86,0,34,19,352,0,33,8,0,16,0,11,0,29,924,0,406,5,8,0,33,4,3,17,18,25,0,24,9,341,50,8,355,191,94,995,0,60,23,6,124,79,33,27,296,430,16,27,42,66,110,54,252,23,1756,71,30,96,229,13,166,0,54,876,3,37,105,66,263,52,209,1720,893,18,2240,62,1195,492,0,3488,657,742,90,1343,1588
"2016-07-01",0,0,0,1,0,0,0,22,0,0,0,0,0,0,10,2,2,2,12,0,4,2,0,4,3,1,0,76,2,22,9,1,0,0,0,0,3,86,1,17,8,3,29,120,3,1,84,0,21,4,0,10,0,0,0,0,2,0,0,0,0,0,2,11,29,1,66,1,163,0,52,5,204,0,1,6,14,0,3,15,7,5,4,0,6,0,0,0,13,3,4,852,0,0,319,156,0,0,4,0,0,0,111,24,753,0,16,3,544,0,3,10,0,4,8,12,8,7,87,0,34,20,360,0,36,8,0,16,0,11,0,30,927,0,409,5,8,0,34,4,3,17,19,25,0,24,9,348,52,8,363,205,96,1013,0,64,23,6,129,81,33,27,304,433,18,27,46,70,114,54,258,23,1772,72,31,100,236,13,181,0,57,884,3,38,106,71,269,54,221,1755,914,19,2287,62,1216,502,0,3527,673,762,92,1382,1628
"2016-08-01",0,0,0,1,0,0,0,22,1,0,0,0,0,0,10,2,2,2,12,0,4,2,0,5,3,1,0,77,2,22,10,1,0,0,0,0,3,86,1,17,9,3,30,121,3,1,84,0,21,4,0,10,0,0,0,1,2,0,0,0,0,0,2,12,31,1,69,2,163,0,53,5,206,0,1,6,14,0,3,15,7,5,4,0,9,0,0,0,13,3,4,867,0,0,319,159,0,0,4,0,0,0,112,24,759,0,16,3,551,0,3,10,0,4,8,16,8,7,88,0,34,22,366,0,38,8,0,17,0,11,0,31,939,0,416,5,8,0,36,4,3,18,19,26,0,26,10,354,55,9,369,215,99,1024,0,70,23,7,133,83,38,28,306,440,23,28,46,77,117,57,269,23,1794,80,33,121,238,14,186,0,59,894,3,39,108,79,272,55,226,1779,940,19,2326,64,1237,510,0,3564,686,778,95,1396,1642
"2016-09-01",0,0,0,1,0,0,0,23,1,0,0,0,0,0,10,2,2,2,12,0,4,2,0,5,3,1,0,78,2,25,10,1,0,0,0,0,3,87,1,17,9,3,30,122,3,2,85,0,21,5,0,10,0,0,0,1,3,0,0,0,0,0,2,12,32,1,70,2,165,0,53,5,210,0,1,6,14,0,3,15,7,5,4,0,9,0,0,0,13,3,4,881,0,0,321,162,0,0,8,0,0,0,115,26,763,0,16,3,555,0,3,10,0,4,8,16,8,7,90,0,40,22,373,0,40,9,0,18,0,17,0,32,947,0,418,5,8,0,39,4,3,18,19,26,0,26,12,359,55,9,374,223,102,1039,0,70,25,7,134,84,43,28,313,440,24,28,47,80,125,58,273,24,1803,85,34,123,239,14,197,0,64,912,4,39,113,81,282,55,235,1809,957,21,2357,69,1251,516,0,3597,692,790,97,1407,1657
"2016-10-01",0,0,0,1,0,0,0,24,1,0,0,0,0,0,10,2,2,2,12,0,4,2,0,5,3,1,0,80,2,25,10,1,0,0,0,0,4,87,1,18,9,3,30,122,3,3,86,0,21,5,0,10,0,0,0,1,3,0,0,0,0,0,2,12,35,1,72,3,167,0,54,5,211,0,1,6,14,0,3,15,7,5,4,0,9,0,0,0,13,3,4,913,0,0,322,163,0,0,8,0,0,0,115,26,771,0,16,3,556,0,3,10,0,5,8,17,8,8,91,0,42,22,377,0,40,9,0,18,0,18,0,34,951,0,421,6,9,0,42,4,3,18,19,27,0,26,12,359,57,9,376,223,103,1048,0,72,26,7,134,85,43,29,318,443,25,30,47,84,129,59,275,25,1820,87,36,130,241,14,202,0,65,923,4,39,114,82,288,56,244,1824,967,21,2379,74,1265,523,0,3629,696,804,100,1425,1672
"2016-11-01",0,0,0,1,0,0,0,24,1,0,0,0,0,0,10,2,2,2,13,0,4,2,0,5,3,1,0,80,2,25,10,1,0,0,0,0,4,87,1,22,9,3,30,123,3,3,89,0,21,8,0,10,0,0,0,1,3,0,0,0,0,0,2,12,38,1,73,3,169,0,57,5,212,0,1,6,14,0,3,18,7,5,4,0,9,0,0,0,13,3,4,921,0,0,322,164,0,0,8,1,0,0,115,26,779,0,19,3,561,0,3,10,0,9,8,21,8,8,91,0,42,25,382,0,43,9,0,18,0,18,0,37,958,0,427,7,10,0,44,4,3,19,19,30,0,27,12,361,58,9,379,228,105,1061,0,72,26,7,135,88,44,31,319,445,26,31,47,85,132,61,279,25,1840,87,36,142,243,14,207,0,67,936,4,39,115,82,291,59,249,1843,986,21,2410,74,1278,525,0,3663,703,814,111,1447,1688
"2016-12-01",0,0,0,1,0,0,0,24,1,0,0,0,0,0,10,3,2,2,13,0,4,2,0,5,3,1,0,81,2,25,10,1,0,0,0,0,6,87,1,22,12,4,30,123,3,4,90,0,21,8,0,10,0,0,0,1,3,0,0,0,0,0,2,13,38,1,75,3,171,0,59,5,215,0,2,6,14,0,3,19,7,5,4,0,9,0,0,0,13,3,4,938,0,0,322,166,0,0,8,1,0,0,116,26,789,0,19,3,565,0,3,10,0,9,9,21,9,8,92,0,42,25,393,0,45,10,0,18,0,18,0,37,964,0,427,7,10,0,44,4,4,19,19,30,0,28,15,366,59,9,385,232,109,1073,0,73,32,7,137,88,44,33,327,450,26,32,47,87,137,61,290,25,1858,89,36,143,249,15,215,0,68,945,4,40,118,82,298,60,258,1874,1005,21,2451,74,1285,528,0,3688,712,822,112,1464,1728
"2017-01-01",0,0,0,1,0,0,0,24,1,0,0,0,0,0,10,3,2,2,13,0,4,2,0,5,3,1,0,81,2,25,10,1,0,0,0,0,6,87,1,22,12,4,32,123,3,4,91,0,21,8,0,10,0,0,0,1,3,0,0,0,0,0,2,13,43,1,76,3,172,0,59,5,217,0,2,6,14,0,3,19,7,5,4,0,9,0,0,0,13,3,4,944,0,0,322,166,0,0,8,1,0,0,116,26,799,0,19,3,565,0,3,10,0,9,9,24,10,8,92,0,42,25,403,0,46,10,0,18,0,18,0,39,973,0,433,7,10,0,46,4,4,19,19,33,0,28,15,368,62,11,389,235,112,1084,0,74,36,8,139,89,45,34,329,452,26,32,47,90,137,63,295,25,1871,91,36,145,255,15,221,0,69,956,4,40,120,84,304,60,260,1906,1019,21,2474,75,1289,537,0,3720,715,835,114,1480,1746
"2017-02-01",0,0,0,1,0,0,0,24,1,0,0,0,0,0,10,3,2,2,16,0,5,2,0,5,3,1,0,81,3,25,10,1,0,0,0,0,7,87,1,22,12,4,32,124,3,4,92,0,21,8,0,10,0,0,0,1,3,0,0,0,0,0,2,14,43,1,76,4,173,0,59,5,218,0,2,6,14,0,3,20,7,5,4,0,11,0,0,0,13,3,4,962,0,0,325,166,0,0,8,1,0,0,116,26,805,0,19,3,566,0,3,10,0,9,9,24,10,8,94,0,42,26,408,0,47,10,0,18,0,18,0,41,977,0,434,7,10,0,47,4,4,19,20,35,0,28,15,372,67,11,391,239,115,1096,0,75,38,8,139,89,47,35,331,452,26,32,48,91,138,68,299,27,1889,91,36,145,255,16,227,0,69,966,4,40,124,85,306,62,265,1927,1032,21,2492,84,1297,543,0,3735,723,847,116,1490,1760
